,단어명,정치빈도수,경제빈도수,사회빈도수
0,남북,380,39,95
1,회담,278,6,6
2,김정은,263,1,8
3,평화,218,5,123
4,국회,209,23,44
5,민주당,209,5,117
6,평양,188,11,31
7,북한,181,26,61
8,선언,179,7,48
9,자유,167,5,64
10,정상회담,153,4,17
11,합의,130,24,52
12,위원장,128,27,54
13,비핵화,122,1,3
14,정상,110,5,18
15,국민,104,25,92
16,정의당,98,1,13
17,장관,94,36,48
18,선거,92,5,137
19,문재인,91,27,40
20,한반도,89,9,38
21,북미,89,6,5
22,대화,89,15,28
23,민주,85,3,80
24,고위,84,4,17
25,트럼프,84,32,2
26,여야,82,2,13
27,미국,81,79,35
28,평창,79,13,49
29,논란,77,86,186
30,보수,76,14,57
31,경제,76,116,35
32,공동,75,24,34
33,개헌,73,1,16
34,논의,72,26,35
35,대북,69,8,11
36,드루,69,5,115
37,방북,68,6,3
38,개혁,67,42,52
39,수사,67,18,337
40,이해찬,65,1,1
41,의혹,64,38,346
42,지방선거,64,3,55
43,협의,62,19,15
44,야당,59,2,9
45,발언,59,7,31
46,서울시장,59,1,12
47,남북정상회담,57,6,13
48,정당,56,2,28
49,회의,55,14,57
50,단독,54,126,257
51,공개,52,73,96
52,외교,52,2,2
53,총리,51,2,14
54,방문,51,8,20
55,군사,50,2,5
56,박근혜,50,5,192
57,박원순,50,1,45
58,우리,50,30,111
59,특검,50,1,94
60,지원,49,111,104
61,인사,49,18,344
62,사퇴,49,12,34
63,문건,47,6,57
64,제안,46,14,21
65,검토,46,43,53
66,협상,45,42,10
67,도착,45,1,7
68,조명,44,2,8
69,위원,44,7,23
70,조사,44,66,265
71,국가,44,19,73
72,최고,44,68,133
73,유승민,44,1,3
74,개헌안,44,1,5
75,정책,43,47,76
76,비판,42,6,46
77,여성,41,26,204
78,준비,41,18,20
79,사과,40,16,58
80,제재,40,29,7
81,발표,40,28,32
82,이재명,40,1,129
83,관계,40,6,25
84,발의,40,4,11
85,통일,39,3,39
86,영상,39,9,114
87,요구,39,33,82
88,사실,39,10,64
89,반대,38,24,87
90,보도,38,1,55
91,주장,38,7,38
92,예술,38,3,28
93,한미,38,14,2
94,대책,38,43,64
95,금강산,38,2,8
96,채용,37,84,114
97,비리,37,42,131
98,협력,37,63,28
99,보고,37,9,39
100,특별,37,17,47
101,투표,37,9,33
102,여당,37,6,8
103,역사,37,7,47
104,추미애,37,1,1
105,시민,36,15,166
106,확인,36,18,64
107,유해,36,1,30
108,개최,36,12,18
109,의지,36,7,7
110,통합,36,16,24
111,상봉,36,3,4
112,주도,35,26,12
113,사건,35,5,176
114,완화,35,30,8
115,공연,35,5,26
116,지시,34,2,46
117,중단,34,26,68
118,김기식,34,15,8
119,처리,33,7,25
120,위해,33,18,59
121,공식,33,19,24
122,연락,33,1,4
123,사람,33,26,80
124,검찰,33,22,485
125,가능성,33,22,19
126,최저임금,33,71,104
127,개성,32,13,10
128,참석,32,1,8
129,통화,32,62,6
130,문제,32,25,75
131,올림픽,32,6,39
132,성장,31,89,11
133,속보,31,7,32
134,중국,31,72,21
135,안보,31,1,8
136,조작,31,15,84
137,파견,31,1,24
138,현장,30,38,93
139,이낙연,30,1,4
140,소득,30,76,26
141,입장,30,4,16
142,제도,30,12,26
143,유엔,30,2,4
144,지지,30,4,33
145,환영,30,7,12
146,폐지,30,24,76
147,송영,30,7,1
148,임명,29,3,8
149,폐기,29,2,16
150,이행,29,5,7
151,일정,29,4,6
152,삼성,29,335,166
153,구성,29,5,25
154,해결,29,13,29
155,체제,29,8,10
156,결정,28,21,79
157,시간,28,19,59
158,갈등,28,12,32
159,재판,28,7,257
160,세월호,28,4,145
161,진보,28,7,54
162,동의,28,3,11
163,출장,28,6,14
164,지사,28,1,102
165,미투,28,3,114
166,예정,28,5,25
167,법안,27,2,5
168,예산,27,23,35
169,선관위,27,1,10
170,댓글,27,13,99
171,점검,27,22,27
172,약속,26,13,19
173,경찰,26,8,466
174,실장,26,6,15
175,특위,26,8,5
176,위기,26,33,37
177,정권,26,5,10
178,유치원,25,1,114
179,전략,25,19,19
180,강화,25,45,33
181,일자리,25,80,48
182,출발,25,9,14
183,확정,25,8,83
184,남북관계,25,2,2
185,개선,25,37,30
186,노무현,25,1,28
187,팩트,25,6,24
188,만찬,25,1,3
189,취소,25,14,44
190,일본,24,15,51
191,전문,24,10,12
192,촉구,24,5,65
193,대선,24,2,18
194,국정,24,1,41
195,출범,24,30,30
196,요청,24,17,29
197,행사,24,19,27
198,단체,24,16,86
199,파격,24,6,2
200,통과,24,13,19
201,경남,24,5,83
202,청원,24,6,32
203,기대,23,9,8
204,뉴스,23,43,83
205,개정,23,15,21
206,비대,23,1,3
207,전쟁,23,20,32
208,신임,23,16,7
209,국회의원,23,1,15
210,입법,23,2,7
211,지역,23,42,121
212,감사,23,6,43
213,성폭력,23,1,134
214,언급,23,4,9
215,심재철,23,8,3
216,기자,23,2,74
217,청년,23,75,66
218,현송월,23,1,6
219,업무,22,12,40
220,강조,22,13,4
221,압박,22,20,9
222,카드,22,31,15
223,심상정,22,1,1
224,장성,22,1,1
225,포함,22,9,16
226,책임,22,31,60
227,부부,22,3,22
228,필요,22,21,24
229,확대,21,72,101
230,판결,21,6,101
231,규제,21,65,16
232,선물,21,9,20
233,교체,21,12,24
234,북쪽,21,2,6
235,혁신,21,59,36
236,개편,21,37,29
237,진상,21,3,44
238,연합,21,6,12
239,고용,21,88,47
240,도전,21,13,36
241,안전,21,38,53
242,이상,21,42,61
243,이산가족,21,1,5
244,이제,21,17,39
245,핵심,21,7,34
246,중재,21,1,4
247,규명,21,2,44
248,비서,21,5,27
249,평창올림픽,21,13,30
250,초청,20,2,2
251,시대,20,30,41
252,유출,20,24,74
253,북핵,20,1,4
254,불법,20,19,145
255,재개,20,11,24
256,철도,20,9,15
257,기념,20,5,38
258,사망,20,7,133
259,가지,20,17,42
260,결과,20,5,30
261,기관,20,12,28
262,귀환,20,2,3
263,해외,20,42,25
264,무산,19,4,19
265,주택,19,131,30
266,청산,19,4,20
267,참여,19,26,69
268,방한,19,5,2
269,도입,19,43,50
270,철수,19,9,7
271,동시,19,5,11
272,가족,19,8,57
273,소통,19,5,11
274,관련,19,8,45
275,인도,19,14,8
276,인정,19,14,100
277,추천,19,16,36
278,공무원,19,6,79
279,찬성,19,9,19
280,메시지,19,4,7
281,하나,19,41,49
282,원장,19,11,49
283,정치권,19,3,10
284,인권,19,7,92
285,지금,19,8,29
286,중앙,19,1,53
287,접촉,19,2,21
288,선수,19,2,24
289,송파,19,2,2
290,우려,18,32,44
291,활동,18,11,34
292,공감,18,6,9
293,시설,18,14,35
294,적극,18,11,9
295,본격,18,21,40
296,연기,18,2,44
297,대응,18,19,45
298,피해자,18,11,159
299,정보,18,51,80
300,처벌,18,7,88
301,공세,18,5,3
302,추가,18,38,65
303,농단,18,1,134
304,가짜,18,15,56
305,효과,18,29,21
306,마음,18,5,28
307,개입,18,10,65
308,사용,18,22,23
309,만남,18,4,10
310,차례,18,7,32
311,여명,18,12,36
312,돌파,18,31,11
313,식당,18,2,10
314,모든,18,9,39
315,성공,18,15,11
316,헌법,18,3,13
317,촛불,18,2,37
318,진전,17,3,1
319,주의,17,11,53
320,사회,17,100,91
321,부동산,17,39,18
322,연대,17,10,35
323,누가,17,5,28
324,하라,17,7,39
325,언론,17,8,59
326,목표,17,13,10
327,방안,17,11,19
328,구속,17,3,186
329,동행,17,3,3
330,처음,17,6,42
331,전문가,17,16,13
332,중지,17,3,8
333,국감,17,4,13
334,발전,17,25,30
335,사법,17,2,161
336,사업,17,67,73
337,차관,17,2,14
338,조처,17,6,12
339,사고,17,36,87
340,은행,17,95,15
341,의미,17,1,10
342,공항,17,17,59
343,가장,17,18,48
344,권성동,17,1,18
345,기준,16,12,44
346,금지,16,26,55
347,시동,16,12,22
348,이전,16,7,40
349,계속,16,11,46
350,노조,16,54,185
351,생각,16,11,21
352,전면,16,15,29
353,언제,16,6,18
354,대상,16,32,38
355,관람,16,1,6
356,면담,16,3,3
357,공공기관,16,25,26
358,나라,16,6,14
359,성과,16,4,6
360,위반,16,15,66
361,명단,16,4,9
362,한국인,16,2,12
363,보복,16,16,10
364,다스,16,9,93
365,장소,16,1,6
366,수석,16,1,11
367,철회,16,7,30
368,구역,15,6,11
369,복귀,15,10,15
370,징계,15,4,50
371,나선,15,5,13
372,출석,15,2,144
373,제시,15,6,10
374,취임,15,13,20
375,이후,15,13,25
376,방위,15,4,7
377,가능,15,42,35
378,하락,15,32,5
379,아들,15,6,57
380,속도,15,15,18
381,목소리,15,9,37
382,합동,15,4,18
383,유지,15,18,15
384,사전,15,11,13
385,단축,15,8,16
386,시장,15,79,83
387,가동,15,17,14
388,인터넷,15,39,11
389,부인,15,2,54
390,이재용,15,52,37
391,고발,15,22,90
392,호텔,15,15,13
393,통보,15,6,23
394,일부,15,10,44
395,공약,15,2,31
396,막말,15,1,13
397,고려,14,5,8
398,반발,14,7,59
399,진실,14,9,36
400,유세,14,15,8
401,출신,14,10,32
402,새해,14,5,12
403,공군,14,1,1
404,어디,14,17,35
405,권한,14,1,10
406,노력,14,10,7
407,거부,14,8,118
408,행보,14,6,1
409,집단,14,7,56
410,운영,14,17,50
411,먼저,14,10,19
412,주목,14,6,26
413,신뢰,14,11,13
414,투쟁,14,1,22
415,전환,14,39,47
416,직원,14,48,102
417,까닭,14,24,21
418,설치,14,5,44
419,공단,14,21,19
420,등록,14,17,13
421,대한민국,14,3,18
422,내정,14,15,9
423,선출,14,4,13
424,긍정,14,7,3
425,민심,14,1,4
426,분리,14,15,6
427,운동,14,6,59
428,지방,14,7,49
429,정의,14,1,18
430,분권,14,1,17
431,보좌,14,2,15
432,긴급,14,11,38
433,변화,14,11,20
434,참가,14,5,8
435,서해,13,2,10
436,우선,13,18,20
437,계획,13,21,27
438,개발,13,59,48
439,헬기,13,2,26
440,싸움,13,4,15
441,선택,13,11,26
442,기간,13,9,37
443,진행,13,2,12
444,교환,13,3,4
445,귀국,13,7,12
446,내달,13,9,9
447,공사,13,41,58
448,후보자,13,3,24
449,교류,13,8,27
450,검사,13,12,136
451,의견,13,8,38
452,안해,13,8,19
453,혐의,13,24,229
454,채택,13,1,6
455,간다,13,5,11
456,참모,13,1,2
457,보고서,13,10,22
458,정치인,13,3,6
459,긴장,13,3,5
460,계기,13,4,2
461,주민,13,9,95
462,여론,13,4,21
463,인상,13,84,40
464,수용,13,7,21
465,대변인,13,2,1
466,보장,13,7,33
467,경기,13,44,117
468,단계,13,6,12
469,적폐,13,2,18
470,조속,12,2,7
471,유력,12,7,12
472,민간,12,21,23
473,파괴,12,2,21
474,냉면,12,5,5
475,얘기,12,1,6
476,첫날,12,7,15
477,수도,12,5,23
478,과거,12,7,39
479,행위,12,7,13
480,대사,12,2,10
481,단일,12,1,13
482,악수,12,1,2
483,센터,12,21,63
484,헌법재판관,12,1,13
485,제출,12,1,28
486,지속,12,18,13
487,교황,12,1,6
488,원금,12,3,12
489,때문,12,10,25
490,총장,12,3,68
491,편지,12,2,20
492,대신,12,12,20
493,허위,12,6,43
494,재산,12,8,22
495,질문,12,3,25
496,위장,12,3,6
497,베트남,12,14,14
498,평가,12,20,26
499,오른,12,3,10
500,기회,12,10,16
501,피해,12,28,145
502,눈물,12,2,46
503,상임,12,4,6
504,명시,12,1,4
505,후속,12,4,4
506,강원랜드,12,6,50
507,추경,12,9,2
508,희망,11,24,24
509,설명,11,13,12
510,교수,11,20,126
511,탄력,11,3,14
512,왜곡,11,4,17
513,폭로,11,2,45
514,사립,11,1,34
515,경고,11,6,11
516,부총리,11,12,4
517,심사,11,11,49
518,특혜,11,11,35
519,대법원,11,1,108
520,변수,11,2,12
521,전격,11,5,6
522,신설,11,14,20
523,비서실,11,1,5
524,세력,11,3,5
525,거래,11,62,65
526,등장,11,6,25
527,판단,11,7,26
528,연결,11,10,6
529,비용,11,10,11
530,화해,11,1,12
531,불참,11,7,7
532,체포,11,1,46
533,자리,11,4,12
534,의제,11,1,1
535,차량,11,18,64
536,화재,11,23,152
537,돌입,11,4,13
538,가슴,11,1,8
539,인터뷰,11,3,8
540,압수수색,11,10,158
541,노동,11,24,75
542,사태,11,8,23
543,깜짝,11,4,9
544,장병,11,3,7
545,기획,11,2,21
546,이동,11,6,13
547,변호사,11,2,77
548,모임,11,1,13
549,대비,11,12,11
550,승리,11,1,12
551,상황,11,12,9
552,경쟁,11,27,12
553,석탄,11,13,6
554,관심,11,7,16
555,제명,11,1,5
556,종업원,11,1,4
557,공작,11,2,47
558,모두,11,23,70
559,정상화,11,10,16
560,폐쇄,11,15,19
561,문자,10,10,11
562,보호,10,15,26
563,잘못,10,8,20
564,부족,10,6,15
565,유예,10,7,6
566,배제,10,8,18
567,이용주,10,1,6
568,생활,10,14,24
569,지적,10,1,9
570,다음,10,13,19
571,비밀,10,8,15
572,제한,10,33,24
573,가나,10,3,3
574,경질,10,2,3
575,무슨,10,5,15
576,쇄신,10,2,4
577,인적,10,2,3
578,강제,10,8,68
579,공격,10,6,7
580,겨냥,10,7,6
581,기본권,10,1,7
582,훼손,10,4,19
583,체육,10,2,4
584,무엇,10,5,12
585,기억,10,2,53
586,사위,10,2,26
587,복원,10,6,19
588,경계,10,3,4
589,정신,10,4,26
590,특수,10,7,32
591,허용,10,14,14
592,치유,10,2,19
593,전달,10,10,17
594,방송,10,5,43
595,호소,10,3,16
596,감사원,10,1,6
597,개념,10,5,9
598,강남,10,33,34
599,여의도,10,3,11
600,축소,10,12,19
601,상징,10,3,19
602,훈장,10,2,5
603,의장,10,3,32
604,러시아,10,1,3
605,고소,10,3,27
606,바람,10,13,50
607,휴가,10,8,20
608,교육,10,17,136
609,마치,10,2,5
610,총회,10,1,7
611,정세,10,1,1
612,영향,10,36,34
613,상가,10,8,5
614,결의,10,2,5
615,다리,10,4,10
616,간부,10,2,50
617,의심,10,12,43
618,관리,10,30,43
619,통신,10,17,2
620,청탁,10,2,44
621,추락,10,9,38
622,가상,10,76,15
623,감시,9,8,19
624,근무,9,6,25
625,당국,9,14,8
626,반박,9,2,3
627,노래,9,1,14
628,시범,9,7,6
629,민주주의,9,3,27
630,의도,9,1,5
631,리더십,9,1,2
632,내부,9,9,14
633,결론,9,13,26
634,유감,9,1,13
635,교육감,9,1,126
636,연내,9,5,1
637,해임,9,6,21
638,주자,9,5,3
639,범죄,9,2,42
640,구축,9,12,4
641,투자,9,141,18
642,지급,9,21,26
643,실행,9,3,3
644,예고,9,8,22
645,발굴,9,5,9
646,법원,9,12,233
647,취업,9,43,49
648,박정희,9,2,27
649,의결,9,3,6
650,국제,9,30,44
651,제거,9,5,9
652,협정,9,3,1
653,불발,9,2,1
654,서도,9,14,25
655,유시민,9,3,2
656,도로,9,10,37
657,전자,9,165,48
658,영업,9,67,11
659,증가,9,101,29
660,조치,9,4,26
661,은폐,9,2,19
662,검증,9,4,24
663,이명박,9,2,62
664,중대,9,1,3
665,제기,9,7,14
666,해군,9,1,10
667,양산,9,5,1
668,추석,9,24,30
669,세계,9,58,53
670,승부,9,7,8
671,부담,9,21,17
672,인민,9,1,1
673,거리,9,3,26
674,포괄,9,8,5
675,막판,9,1,7
676,목적,9,6,5
677,존재,9,2,4
678,포기,9,5,24
679,부위,9,3,6
680,이해,9,1,4
681,이견,9,2,2
682,이틀,9,10,30
683,체크,9,5,6
684,폭염,9,23,161
685,설득,9,6,4
686,소환,9,3,133
687,최선,9,4,2
688,혁명,9,3,13
689,선임,8,27,24
690,음주운전,8,1,30
691,자격,8,5,9
692,사상,8,46,28
693,현실,8,20,10
694,의무,8,17,29
695,위로,8,8,16
696,불가,8,8,6
697,반성,8,2,16
698,연일,8,2,2
699,환경,8,11,55
700,지도,8,8,6
701,비난,8,1,9
702,상실,8,1,11
703,뉴욕,8,3,1
704,수당,8,5,36
705,분위기,8,1,3
706,홀로,8,4,10
707,비상,8,11,41
708,지휘,8,3,27
709,원인,8,8,27
710,소장,8,2,6
711,경비,8,4,15
712,개정안,8,8,17
713,작전,8,2,8
714,지명,8,1,5
715,다른,8,20,31
716,재단,8,8,30
717,교통,8,3,30
718,정말,8,2,7
719,자녀,8,13,23
720,공장,8,46,61
721,해소,8,14,14
722,촉각,8,2,1
723,지뢰,8,1,2
724,아버지,8,2,27
725,동반,8,12,8
726,스스로,8,1,8
727,위협,8,4,14
728,사무,8,2,12
729,지정,8,12,28
730,침묵,8,5,10
731,재정,8,30,10
732,파행,8,1,10
733,건설,8,34,30
734,수습,8,2,7
735,신고,8,10,47
736,투입,8,11,20
737,가면,8,2,4
738,매체,8,1,6
739,기술,8,63,19
740,과태료,8,4,20
741,동북아,8,4,1
742,태풍,8,9,124
743,민족,8,1,7
744,대회,8,7,31
745,절반,8,19,27
746,개방,8,7,22
747,세금,8,27,11
748,내용,8,1,4
749,물밑,8,1,1
750,회복,8,25,20
751,추모,8,1,42
752,의전,8,1,1
753,열차,8,2,8
754,숙소,8,1,5
755,생중계,8,1,16
756,신호,8,4,5
757,토지,8,7,3
758,해법,8,7,10
759,수준,8,12,22
760,열병,8,1,1
761,홍보,8,6,17
762,순직,8,1,8
763,축하,8,2,11
764,중심,8,12,20
765,사의,8,10,5
766,전국,8,31,177
767,압축,8,4,6
768,책임자,8,3,14
769,인천,8,9,241
770,예비,8,4,23
771,노동자,8,21,168
772,기초,8,6,33
773,지난,8,4,6
774,분노,8,1,13
775,고민,8,17,16
776,해명,8,3,10
777,농성,8,2,50
778,여론조작,8,1,6
779,구조,8,8,33
780,청소년,8,7,54
781,열자,8,1,3
782,패럴림픽,8,1,9
783,방식,7,10,8
784,조직,7,5,26
785,파악,7,3,10
786,적용,7,17,25
787,존중,7,4,7
788,수정,7,2,3
789,인물,7,2,8
790,경북,7,2,69
791,충돌,7,6,28
792,태극기,7,1,10
793,조정,7,13,23
794,린다,7,13,31
795,차기,7,11,7
796,시기,7,4,3
797,의문,7,5,8
798,아동,7,5,35
799,선회,7,2,1
800,출산,7,1,10
801,복지,7,16,41
802,사임,7,9,4
803,당부,7,2,4
804,부정,7,13,29
805,폭행,7,2,125
806,뿌리,7,7,21
807,산업,7,88,23
808,이용,7,23,32
809,재벌,7,58,15
810,전원,7,9,23
811,차단,7,16,7
812,걸음,7,7,8
813,동참,7,4,6
814,붕괴,7,12,17
815,공조,7,6,2
816,이름,7,6,32
817,심판,7,2,17
818,부당,7,12,19
819,경력,7,5,9
820,규정,7,4,7
821,신청,7,31,82
822,이면,7,1,2
823,마무리,7,1,13
824,구입,7,4,3
825,문턱,7,6,2
826,라인,7,8,12
827,단속,7,7,24
828,택지,7,6,6
829,병사,7,1,6
830,성범죄,7,4,15
831,임대,7,46,10
832,박범계,7,1,1
833,끝내,7,2,12
834,배려,7,2,2
835,폭력,7,2,28
836,심야,7,2,5
837,대결,7,2,14
838,행동,7,3,12
839,수행,7,2,8
840,강력,7,3,16
841,유족,7,2,44
842,부활,7,5,12
843,한번,7,4,9
844,과제,7,10,11
845,현재,7,2,7
846,종료,7,4,6
847,무대,7,1,10
848,투기,7,13,3
849,온라인,7,14,8
850,부상,7,1,48
851,배치,7,3,9
852,인방,7,1,10
853,쿠데타,7,1,2
854,후원,7,4,4
855,게임,7,21,22
856,독립,7,2,22
857,정치자금,7,3,19
858,자문,7,4,3
859,과정,7,6,18
860,한겨레,7,2,92
861,동성,7,2,2
862,서한,7,2,4
863,입당,7,1,6
864,미세먼지,7,21,209
865,파란,7,2,1
866,조선,7,14,30
867,세기,7,2,3
868,무력,7,1,15
869,극적,7,1,3
870,성희롱,7,4,52
871,완성,7,4,10
872,셀프,7,1,18
873,화폐,7,34,17
874,심장,6,1,9
875,비행,6,9,5
876,협조,6,1,12
877,원칙,6,5,5
878,기지,6,2,11
879,방향,6,6,11
880,저녁,6,1,10
881,출국,6,3,6
882,인재,6,9,16
883,승인,6,9,8
884,투톱,6,1,1
885,노선,6,7,6
886,불만,6,5,7
887,금융,6,148,6
888,어린이집,6,2,57
889,명령,6,7,6
890,논쟁,6,4,4
891,수장,6,6,5
892,정기,6,4,7
893,체결,6,9,1
894,절차,6,6,21
895,외국,6,7,6
896,연속,6,30,10
897,분석,6,18,12
898,쟁점,6,4,12
899,충격,6,8,6
900,위원회,6,7,21
901,인공,6,36,8
902,연루,6,3,8
903,종합,6,12,8
904,근절,6,5,7
905,서울시,6,7,74
906,당일,6,1,11
907,관광,6,7,12
908,법적,6,3,13
909,보완,6,7,4
910,차원,6,2,4
911,위장전입,6,3,1
912,삭제,6,5,12
913,업체,6,60,62
914,근로시간,6,3,3
915,대폭,6,14,4
916,고양이,6,1,10
917,타결,6,7,3
918,활성화,6,11,8
919,시사,6,4,3
920,통제,6,3,17
921,공직,6,1,2
922,착수,6,20,45
923,이사장,6,8,42
924,방탄소년단,6,3,5
925,꼼수,6,6,21
926,기부,6,10,17
927,해제,6,4,15
928,눈길,6,4,13
929,엄중,6,2,5
930,물어,6,2,5
931,문화,6,6,50
932,합류,6,2,1
933,주인,6,7,10
934,부자,6,11,7
935,전력,6,21,3
936,선박,6,4,11
937,대가,6,4,19
938,연동,6,2,3
939,신규,6,26,5
940,기여,6,3,4
941,강원,6,1,52
942,포스코,6,68,7
943,서명,6,2,14
944,블랙리스트,6,1,27
945,석방,6,2,28
946,일괄,6,2,2
947,산책,6,1,2
948,바로,6,4,15
949,밀착,6,1,3
950,그림,6,1,19
951,종부세,6,26,2
952,특별법,6,2,10
953,공급,6,37,9
954,활용,6,19,18
955,구상,6,2,3
956,면제,6,15,3
957,지구,6,7,23
958,예방,6,4,17
959,거짓,6,2,11
960,돌풍,6,4,4
961,능력,6,7,6
962,운명,6,9,15
963,주류,6,2,2
964,도움,6,5,7
965,대안,6,6,17
966,생명,6,18,14
967,총력,6,3,4
968,패싱,6,1,4
969,주기,6,7,34
970,반입,6,5,9
971,전체,6,4,4
972,비공개,6,2,22
973,조종사,6,4,4
974,중요,6,7,8
975,파문,6,4,19
976,충남,6,2,27
977,여부,6,12,28
978,창원,6,5,21
979,자산,6,21,5
980,철저,6,2,1
981,조기,6,12,5
982,헌신,6,1,1
983,가시,6,4,6
984,촬영,6,1,67
985,전화,6,5,16
986,거듭,6,2,10
987,역할,6,8,6
988,영화,6,8,27
989,출근,6,4,21
990,협약,6,12,15
991,실시,6,5,12
992,통상,6,11,3
993,통해,6,7,9
994,외압,6,4,14
995,출동,6,1,11
996,범위,6,3,20
997,전세계,6,7,3
998,맥스,6,1,1
999,부결,6,2,2
1000,새벽,6,3,22
1001,금감원,6,57,3
1002,만날,6,2,2
1003,정면,6,2,6
1004,선수단,6,2,3
1005,보상,5,10,12
1006,한강,5,1,28
1007,매우,5,3,3
1008,정체,5,3,24
1009,국외,5,3,9
1010,주식,5,53,6
1011,유튜브,5,8,10
1012,기구,5,6,14
1013,완료,5,6,4
1014,신호탄,5,6,6
1015,용국,5,1,2
1016,운전,5,6,20
1017,공모,5,7,20
1018,법무,5,3,10
1019,청문회,5,4,9
1020,무단,5,4,7
1021,이하,5,6,11
1022,징역,5,1,150
1023,사연,5,2,9
1024,폭풍,5,4,7
1025,주요,5,5,6
1026,부적절,5,3,4
1027,거취,5,3,1
1028,조성,5,17,27
1029,진짜,5,10,14
1030,사이,5,4,9
1031,초점,5,1,3
1032,시정,5,2,10
1033,방지법,5,2,3
1034,저지,5,1,4
1035,살인,5,3,67
1036,구멍,5,2,11
1037,청구,5,4,82
1038,아침,5,1,53
1039,의사,5,4,33
1040,잠정,5,9,11
1041,부모,5,5,22
1042,접수,5,9,7
1043,혼란,5,3,11
1044,발견,5,11,97
1045,산림,5,4,3
1046,기록,5,13,48
1047,성문,5,2,1
1048,특례,5,1,7
1049,독도,5,1,13
1050,유럽,5,24,6
1051,퇴직,5,12,22
1052,블록,5,35,2
1053,체인,5,37,1
1054,현직,5,3,44
1055,시스템,5,15,11
1056,마크,5,2,1
1057,적발,5,18,43
1058,구체,5,1,1
1059,누리꾼,5,1,13
1060,장비,5,6,7
1061,집중,5,13,20
1062,용산,5,3,13
1063,잔치,5,4,6
1064,다음주,5,1,8
1065,토론회,5,1,13
1066,서민,5,6,4
1067,되풀이,5,4,2
1068,동네,5,7,13
1069,방어,5,4,13
1070,정무,5,1,10
1071,자료,5,5,27
1072,시각,5,2,5
1073,오거돈,5,1,18
1074,정리,5,2,5
1075,개별,5,3,2
1076,표정,5,4,8
1077,연휴,5,12,37
1078,이정표,5,1,1
1079,조문,5,1,6
1080,결혼,5,4,18
1081,맞이,5,3,10
1082,유치,5,6,6
1083,육성,5,7,3
1084,로드맵,5,1,4
1085,순간,5,1,28
1086,기습,5,1,10
1087,주년,5,11,20
1088,거절,5,1,8
1089,초대,5,3,4
1090,아파트,5,77,78
1091,참여정부,5,4,1
1092,찾기,5,3,10
1093,동해,5,5,11
1094,자기,5,2,9
1095,대학,5,5,94
1096,수립,5,2,7
1097,관료,5,5,2
1098,역대,5,26,26
1099,동원,5,6,24
1100,계약,5,24,14
1101,유공,5,1,4
1102,확약,5,2,1
1103,전역,5,2,10
1104,뒷받침,5,2,3
1105,보이,5,2,1
1106,반격,5,1,5
1107,평등,5,2,8
1108,소상,5,12,5
1109,공인,5,23,9
1110,남성,5,8,73
1111,페북,5,14,5
1112,행정,5,4,102
1113,증액,5,6,1
1114,법정,5,5,35
1115,최저,5,29,25
1116,일제,5,5,19
1117,환노위,5,2,2
1118,문구,5,3,1
1119,시절,5,2,9
1120,첫걸음,5,1,3
1121,복구,5,4,5
1122,절대,5,4,5
1123,출사표,5,2,6
1124,재난,5,5,15
1125,일상,5,2,13
1126,시행,5,19,34
1127,파일,5,2,18
1128,박상기,5,2,8
1129,공원,5,4,75
1130,죽음,5,1,36
1131,파전,5,1,12
1132,별세,5,1,49
1133,아빠,5,1,45
1134,선포,5,1,4
1135,답변,5,1,9
1136,이례,5,2,4
1137,상호,5,2,1
1138,중순,5,2,2
1139,노동시간,5,4,10
1140,나흘,5,4,7
1141,재고,5,1,2
1142,분담,5,4,6
1143,용기,5,1,10
1144,무시,5,3,8
1145,거론,5,1,4
1146,직후,5,2,2
1147,기고,5,2,2
1148,분산,5,1,3
1149,임기,5,4,10
1150,캠프,5,3,16
1151,실시간,5,2,4
1152,연구소,5,7,7
1153,워싱턴,5,3,1
1154,접근,5,2,15
1155,폭발,5,6,19
1156,관행,5,2,8
1157,유성,5,2,5
1158,명품,5,4,8
1159,여자,5,4,33
1160,사이버,5,1,14
1161,보이콧,4,2,4
1162,회귀,4,1,1
1163,질타,4,1,4
1164,근로,4,12,25
1165,특정,4,3,8
1166,강행,4,5,12
1167,공정,4,15,10
1168,최후,4,2,6
1169,송도,4,2,17
1170,국민연금,4,29,46
1171,개시,4,11,9
1172,한글,4,3,3
1173,집회,4,4,60
1174,세트,4,1,6
1175,앞서,4,4,3
1176,이란,4,9,5
1177,예외,4,4,3
1178,일단,4,3,5
1179,침해,4,7,41
1180,일침,4,1,2
1181,의료,4,7,41
1182,호기,4,14,6
1183,가닥,4,3,6
1184,반응,4,2,6
1185,해상,4,4,12
1186,전수,4,3,18
1187,참관,4,1,1
1188,이슈,4,3,4
1189,진입,4,6,4
1190,작년,4,31,10
1191,부패,4,1,6
1192,부터,4,5,9
1193,분야,4,13,2
1194,상승,4,33,13
1195,공포,4,8,9
1196,대체,4,10,10
1197,이미지,4,2,1
1198,예상,4,11,13
1199,영어,4,1,21
1200,보조금,4,3,10
1201,지자체,4,7,15
1202,기소,4,2,84
1203,극복,4,2,7
1204,수수료,4,19,4
1205,소송,4,14,74
1206,국제사회,4,1,1
1207,띄우기,4,1,1
1208,개인,4,23,12
1209,라오스,4,7,2
1210,인생,4,1,11
1211,개인정보,4,27,10
1212,창업,4,30,8
1213,설정,4,1,15
1214,마을,4,8,65
1215,사면,4,2,3
1216,진화,4,12,27
1217,구매,4,19,6
1218,실명,4,11,13
1219,표시,4,6,3
1220,아기,4,1,14
1221,가속,4,2,2
1222,미성년,4,1,13
1223,그대로,4,2,16
1224,유통,4,14,14
1225,총력전,4,3,3
1226,통역,4,1,9
1227,업자,4,16,17
1228,열기,4,1,4
1229,상품,4,19,2
1230,빅딜,4,1,1
1231,간판,4,3,5
1232,공유,4,18,7
1233,허가,4,4,21
1234,당신,4,7,20
1235,실용,4,1,4
1236,자제,4,3,7
1237,권리,4,8,23
1238,드론,4,11,14
1239,가치,4,21,9
1240,사흘,4,4,19
1241,얼굴,4,6,16
1242,상처,4,1,12
1243,결함,4,13,4
1244,헌재,4,3,50
1245,차별,4,5,35
1246,불씨,4,3,7
1247,점심,4,3,2
1248,하자,4,5,17
1249,수산물,4,5,2
1250,최초,4,25,33
1251,음악,4,3,6
1252,스타,4,11,13
1253,미흡,4,7,3
1254,사정,4,6,12
1255,폭탄,4,20,9
1256,배후,4,2,2
1257,집값,4,41,9
1258,담합,4,21,7
1259,실현,4,2,6
1260,국토,4,5,4
1261,현안,4,3,6
1262,재건축,4,14,4
1263,사드,4,7,17
1264,아이,4,18,80
1265,규모,4,23,23
1266,설립,4,17,30
1267,지진,4,7,20
1268,대부분,4,3,19
1269,이탈,4,2,4
1270,최경환,4,1,7
1271,가기,4,1,1
1272,어린이,4,5,28
1273,태도,4,1,5
1274,웃음,4,1,5
1275,방치,4,3,20
1276,수도권,4,10,47
1277,진심,4,1,5
1278,전날,4,1,5
1279,은퇴,4,2,2
1280,프레임,4,2,1
1281,통째,4,1,4
1282,주문,4,2,4
1283,간담,4,4,2
1284,경쟁률,4,2,2
1285,명칭,4,1,4
1286,향후,4,2,1
1287,어머니,4,1,13
1288,쇼크,4,12,2
1289,학교,4,5,146
1290,프리,4,1,4
1291,다수,4,2,3
1292,포럼,4,11,3
1293,남매,4,1,13
1294,자금,4,31,55
1295,질책,4,1,1
1296,팽팽,4,1,2
1297,거짓말,4,1,12
1298,가입,4,17,10
1299,리나,4,2,6
1300,공동체,4,4,10
1301,움직임,4,1,8
1302,배신,4,2,4
1303,롯데,4,46,16
1304,인형,4,1,7
1305,소방관,4,1,30
1306,상인,4,8,5
1307,기능,4,10,4
1308,조항,4,5,7
1309,낙관,4,2,1
1310,작성,4,2,12
1311,행렬,4,1,2
1312,퇴장,4,1,4
1313,비극,4,1,5
1314,구호,4,5,3
1315,즉각,4,2,8
1316,신속,4,2,5
1317,좌우,4,1,1
1318,아래,4,1,9
1319,법령,4,3,1
1320,여기,4,2,13
1321,병원,4,8,122
1322,하위,4,9,3
1323,차지,4,2,1
1324,탑승,4,3,3
1325,고사,4,2,5
1326,방침,4,4,18
1327,고용부,4,2,18
1328,몰락,4,3,2
1329,독일,4,7,20
1330,산입,4,1,17
1331,주시,4,1,3
1332,심의,4,5,17
1333,호흡,4,1,2
1334,학생,4,1,126
1335,고향,4,3,19
1336,마케팅,4,15,7
1337,경험,4,9,20
1338,위험,4,14,27
1339,장애인,4,5,35
1340,최저임금법,4,2,15
1341,조선일보,4,2,14
1342,부분,4,1,4
1343,탄생,4,2,13
1344,압도,4,1,3
1345,결렬,4,4,1
1346,여건,4,1,6
1347,인간,4,6,14
1348,주일,4,3,5
1349,방법,4,1,11
1350,레드,4,6,5
1351,시도,4,2,31
1352,지난해,4,53,23
1353,공존,4,1,1
1354,기사,4,8,39
1355,고문,4,1,24
1356,추대,4,2,1
1357,부산시,4,1,47
1358,명예,4,2,20
1359,중소기업,4,83,3
1360,제의,4,1,2
1361,법률,4,6,7
1362,면직,4,1,4
1363,컬링,4,3,5
1364,폐막식,4,1,4
1365,군산,4,17,36
1366,유착,4,2,7
1367,하늘,4,3,36
1368,거래소,4,32,10
1369,대한,3,7,19
1370,정수,3,1,1
1371,해고,3,8,41
1372,정지,3,8,18
1373,아세안,3,2,1
1374,항공,3,25,12
1375,초과,3,14,8
1376,과장,3,7,8
1377,불안,3,14,11
1378,미리,3,1,6
1379,희생,3,1,40
1380,거점,3,8,4
1381,엄정,3,1,12
1382,동력,3,3,3
1383,최종,3,23,21
1384,과잉,3,4,5
1385,노출,3,5,10
1386,하향,3,9,3
1387,친구,3,2,26
1388,음주,3,1,17
1389,곤란,3,1,2
1390,정도,3,2,5
1391,재앙,3,1,2
1392,윤리,3,4,5
1393,불평등,3,16,8
1394,대법,3,3,111
1395,동영상,3,4,6
1396,직장,3,5,24
1397,실패,3,17,20
1398,금리,3,89,2
1399,후퇴,3,9,10
1400,광화문,3,3,29
1401,외부,3,12,11
1402,국장,3,2,17
1403,인력,3,8,11
1404,광장,3,1,26
1405,실험,3,8,14
1406,걱정,3,8,14
1407,목청,3,1,1
1408,완전,3,6,10
1409,실화,3,2,4
1410,상위,3,10,2
1411,기조,3,2,1
1412,손님,3,2,9
1413,대강,3,4,23
1414,생산,3,47,11
1415,직무,3,5,10
1416,가열,3,8,2
1417,지난달,3,7,2
1418,다운,3,1,2
1419,입국,3,4,5
1420,명의,3,2,16
1421,인척,3,2,4
1422,미사,3,4,3
1423,사업자,3,19,7
1424,기도,3,1,5
1425,산업부,3,15,2
1426,카톡,3,15,10
1427,인하,3,34,4
1428,최근,3,8,8
1429,화제,3,2,5
1430,형제,3,2,4
1431,회계,3,18,1
1432,소동,3,4,5
1433,실질,3,6,11
1434,설계,3,7,10
1435,변경,3,12,10
1436,라운드,3,2,4
1437,담당,3,1,8
1438,조건,3,9,6
1439,대외,3,5,2
1440,수집,3,6,8
1441,지대,3,2,4
1442,동거,3,1,1
1443,상상,3,2,6
1444,로봇,3,22,2
1445,부작용,3,4,2
1446,개막,3,9,21
1447,고속,3,6,6
1448,승진,3,10,9
1449,혜택,3,20,11
1450,질서,3,2,2
1451,기류,3,1,3
1452,본질,3,2,6
1453,만료,3,1,3
1454,건물,3,3,33
1455,전진,3,1,1
1456,세대,3,15,10
1457,급증,3,27,19
1458,선고,3,2,102
1459,고통,3,5,22
1460,유포,3,3,29
1461,축제,3,3,50
1462,복합,3,4,15
1463,이웃,3,1,22
1464,민원,3,4,17
1465,지식,3,6,5
1466,공익,3,9,11
1467,대치,3,4,4
1468,차장,3,1,12
1469,기밀,3,1,8
1470,코앞,3,1,4
1471,확산,3,14,37
1472,누적,3,3,2
1473,일시,3,7,1
1474,견인,3,1,1
1475,동맹,3,3,3
1476,확장,3,11,6
1477,실제,3,7,4
1478,모양,3,1,1
1479,호칭,3,1,2
1480,본부,3,5,12
1481,서울대,3,4,57
1482,민주화,3,1,15
1483,인연,3,1,1
1484,승용차,3,1,12
1485,스타일,3,1,2
1486,이륙,3,2,2
1487,복직,3,4,17
1488,연구,3,13,16
1489,그린벨트,3,5,5
1490,식구,3,1,3
1491,건축,3,1,7
1492,다툼,3,1,10
1493,급등,3,23,2
1494,발목,3,1,2
1495,솔릭,3,8,42
1496,답답,3,2,1
1497,깜깜,3,4,3
1498,최강,3,2,14
1499,중도,3,1,5
1500,성향,3,1,3
1501,방해,3,1,16
1502,광고,3,28,21
1503,동일,3,2,8
1504,혼선,3,2,3
1505,불허,3,2,14
1506,시나리오,3,5,5
1507,진영,3,1,6
1508,대규모,3,10,14
1509,플랜,3,1,2
1510,끼리,3,2,5
1511,구한,3,5,5
1512,내주,3,2,8
1513,확충,3,2,2
1514,연장,3,4,25
1515,체계,3,5,9
1516,이별,3,1,5
1517,반영,3,14,7
1518,집결,3,1,5
1519,군부,3,1,1
1520,연구원,3,13,10
1521,제자리,3,6,4
1522,김영록,3,1,3
1523,적합,3,3,1
1524,운전자,3,4,10
1525,충성,3,2,1
1526,개국,3,7,5
1527,악용,3,4,4
1528,징벌,3,4,4
1529,전과,3,1,4
1530,직전,3,3,8
1531,찬반,3,2,6
1532,영국,3,6,3
1533,판매,3,44,34
1534,자릿수,3,1,4
1535,수입,3,22,4
1536,정비,3,5,4
1537,균형,3,4,4
1538,과연,3,4,6
1539,방지,3,7,12
1540,오해,3,2,4
1541,모델,3,14,24
1542,추정,3,7,33
1543,현대,3,76,20
1544,서류,3,7,9
1545,회피,3,4,4
1546,사무실,3,2,21
1547,사랑,3,5,46
1548,눈앞,3,2,7
1549,체험,3,2,23
1550,특권,3,1,4
1551,탈락,3,4,7
1552,정황,3,4,30
1553,구간,3,3,9
1554,부진,3,23,5
1555,우회,3,1,4
1556,결심,3,2,2
1557,화로,3,1,2
1558,빌딩,3,2,8
1559,기체,3,1,2
1560,커피,3,9,6
1561,접대,3,1,7
1562,시민사회,3,2,6
1563,국내,3,81,43
1564,노인,3,12,33
1565,공백,3,5,6
1566,부의,3,3,3
1567,일선,3,3,7
1568,지하철,3,1,38
1569,탈취,3,4,4
1570,임박,3,5,2
1571,경전,3,4,4
1572,강요,3,5,19
1573,무료,3,12,23
1574,직격탄,3,4,4
1575,감독,3,8,25
1576,과로,3,2,1
1577,구제,3,9,9
1578,개설,3,5,8
1579,포석,3,1,1
1580,이색,3,3,2
1581,표명,3,3,9
1582,로서,3,1,3
1583,임금,3,40,36
1584,테이블,3,2,2
1585,싱크탱크,3,1,2
1586,남북한,3,1,3
1587,다자,3,4,3
1588,신선,3,2,1
1589,유령,3,17,9
1590,항공기,3,12,7
1591,자만,3,3,3
1592,환호,3,2,5
1593,대한문,3,1,2
1594,앞날,3,1,2
1595,크게,3,11,7
1596,죄송,3,1,17
1597,자세,3,1,3
1598,실태,3,7,10
1599,전보,3,2,1
1600,안정,3,20,9
1601,한중일,3,2,1
1602,네이버,3,66,16
1603,임시,3,8,7
1604,고백,3,2,8
1605,최대한,3,1,3
1606,견제,3,3,5
1607,체류,3,2,7
1608,대립,3,3,3
1609,주체,3,2,1
1610,결재,3,3,2
1611,운용,3,9,2
1612,이익,3,57,3
1613,평균,3,34,19
1614,최악,3,10,17
1615,불복,3,1,7
1616,순위,3,7,4
1617,분주,3,1,1
1618,이송,3,1,8
1619,슬로건,3,2,2
1620,파기,3,3,15
1621,터키,3,6,2
1622,창구,3,1,7
1623,택시,3,24,32
1624,전용,3,10,13
1625,월급,3,6,27
1626,동결,3,15,7
1627,황당,3,1,5
1628,불이익,3,1,9
1629,돌연,3,1,5
1630,전망,3,43,7
1631,결제,3,30,3
1632,자치,3,1,20
1633,매각,3,30,6
1634,의성,3,1,5
1635,권고,3,8,32
1636,전담,3,7,5
1637,방산,3,4,1
1638,의인,3,7,8
1639,페이스북,3,21,4
1640,진단,3,11,5
1641,경기장,3,1,5
1642,후임,2,2,5
1643,전례,2,1,2
1644,감히,2,1,2
1645,형성,2,1,1
1646,재건,2,2,3
1647,위배,2,1,1
1648,편성,2,3,4
1649,로비,2,1,17
1650,지출,2,8,2
1651,고요,2,2,7
1652,전시회,2,2,4
1653,과일,2,4,2
1654,상자,2,2,6
1655,대처,2,4,11
1656,몰래,2,2,7
1657,연금,2,27,20
1658,양진호,2,1,42
1659,주차장,2,2,20
1660,가격,2,42,4
1661,보존,2,1,9
1662,중소,2,18,3
1663,타당,2,2,1
1664,중간,2,3,5
1665,바이오,2,53,3
1666,전북,2,5,38
1667,사과문,2,2,6
1668,연말,2,9,1
1669,혼자,2,1,11
1670,역시,2,2,3
1671,격돌,2,2,2
1672,염두,2,3,1
1673,사직,2,2,4
1674,건강,2,13,46
1675,주의보,2,9,35
1676,합리,2,1,1
1677,장사,2,11,5
1678,소액,2,4,3
1679,회사,2,30,29
1680,근거,2,10,15
1681,기운,2,2,6
1682,초고,2,2,1
1683,그룹,2,64,27
1684,통계,2,16,6
1685,한일,2,1,2
1686,건의,2,3,5
1687,꼬리,2,3,6
1688,새만금,2,4,12
1689,미약,2,1,7
1690,형량,2,1,7
1691,미달,2,1,3
1692,기증,2,2,1
1693,뺑소니,2,1,4
1694,별도,2,1,3
1695,플레이,2,2,3
1696,학자,2,1,1
1697,구분,2,3,2
1698,세습,2,1,8
1699,부회장,2,43,7
1700,진땀,2,1,2
1701,발생,2,6,43
1702,생선,2,1,1
1703,상정,2,2,4
1704,책임감,2,1,2
1705,지인,2,1,6
1706,용역,2,4,9
1707,텐트,2,1,1
1708,벌금,2,1,32
1709,사제,2,6,7
1710,불감증,2,1,3
1711,무늬,2,2,2
1712,핑계,2,4,2
1713,입찰,2,14,4
1714,보전,2,2,5
1715,보험,2,43,26
1716,생태,2,1,11
1717,남자,2,1,17
1718,모드,2,3,1
1719,착공,2,5,8
1720,어기,2,1,2
1721,원정,2,1,9
1722,배당,2,15,23
1723,실수,2,4,5
1724,페이,2,9,10
1725,프랑스,2,7,4
1726,파리,2,1,6
1727,생계,2,4,4
1728,자택,2,1,23
1729,부장,2,1,49
1730,방통위,2,11,4
1731,앞바다,2,1,8
1732,되레,2,1,11
1733,버튼,2,3,2
1734,지점,2,4,4
1735,용어,2,1,4
1736,반환,2,4,3
1737,설비,2,22,1
1738,스쿨,2,1,11
1739,모집,2,8,20
1740,연봉,2,9,5
1741,황금,2,1,3
1742,입증,2,2,8
1743,함정,2,1,2
1744,선호,2,5,2
1745,보유,2,20,5
1746,실종,2,3,52
1747,방서,2,1,2
1748,노사,2,19,23
1749,안고,2,1,1
1750,차등,2,7,3
1751,비행기,2,8,5
1752,소유,2,5,12
1753,줄줄이,2,4,12
1754,좌초,2,2,6
1755,합법,2,1,12
1756,이사,2,10,28
1757,주간,2,5,2
1758,뇌관,2,2,3
1759,근본,2,2,3
1760,신문,2,2,20
1761,기한,2,2,2
1762,휴식,2,1,7
1763,열사,2,21,24
1764,어찌,2,3,7
1765,촛불집회,2,1,5
1766,일문일답,2,1,1
1767,슈퍼,2,11,4
1768,육아,2,2,19
1769,반기,2,5,2
1770,만큼,2,2,2
1771,이성,2,1,3
1772,부품,2,14,5
1773,수단,2,5,6
1774,가결,2,3,1
1775,대국민,2,1,4
1776,버전,2,1,1
1777,현지,2,6,2
1778,여름,2,4,21
1779,영구,2,1,2
1780,우린,2,2,12
1781,초기,2,2,5
1782,대형,2,15,19
1783,가스,2,15,16
1784,가구,2,31,12
1785,트라우마,2,1,6
1786,시민단체,2,9,61
1787,현금,2,12,16
1788,감동,2,1,9
1789,워드,2,1,1
1790,과도,2,8,2
1791,대거,2,1,5
1792,세부,2,4,1
1793,쌍용차,2,8,43
1794,해고자,2,4,15
1795,불로소득,2,1,4
1796,플랫폼,2,23,4
1797,소외,2,1,5
1798,포퓰리즘,2,2,1
1799,부지,2,2,1
1800,안경,2,3,6
1801,표절,2,2,6
1802,겸직,2,3,3
1803,세종,2,2,53
1804,장수,2,1,4
1805,이야기,2,1,15
1806,교훈,2,3,2
1807,장례식,2,1,4
1808,향기,2,1,5
1809,자영,2,14,5
1810,문서,2,2,7
1811,기내,2,2,2
1812,하반기,2,17,5
1813,부탁,2,1,9
1814,무너,2,1,2
1815,흔적,2,1,12
1816,고속도로,2,13,51
1817,선전,2,2,1
1818,앞장,2,2,4
1819,컨트롤,2,2,3
1820,타워,2,10,8
1821,이재,2,1,2
1822,체감,2,11,2
1823,해도,2,5,8
1824,두번째,2,2,9
1825,구미,2,1,23
1826,포장,2,1,6
1827,성큼,2,3,2
1828,지연,2,10,15
1829,자수,2,2,3
1830,버스,2,8,47
1831,이자,2,8,3
1832,참사,2,3,52
1833,객실,2,1,2
1834,도시락,2,1,3
1835,전시,2,1,14
1836,명도,2,1,6
1837,신중,2,1,2
1838,군복무,2,1,1
1839,승자,2,1,3
1840,독식,2,2,5
1841,구도,2,3,7
1842,장치,2,5,10
1843,꼴찌,2,4,7
1844,아시안,2,1,6
1845,최소,2,7,14
1846,가요,2,4,5
1847,전기,2,16,11
1848,뭐길,2,2,5
1849,과열,2,5,3
1850,면접,2,6,20
1851,월드,2,2,5
1852,여전,2,6,12
1853,외국인,2,19,21
1854,매일,2,3,5
1855,방조,2,2,6
1856,진정,2,3,10
1857,격려,2,1,1
1858,연구개발,2,7,2
1859,패션,2,2,1
1860,손해배상,2,3,13
1861,대기업,2,54,13
1862,손해,2,2,3
1863,물살,2,1,7
1864,돕기,2,1,3
1865,기본,2,8,9
1866,전통,2,7,16
1867,전기요금,2,14,4
1868,유리,2,5,6
1869,제대로,2,1,12
1870,적기,2,1,2
1871,역량,2,3,3
1872,해석,2,2,5
1873,스타트업,2,18,2
1874,여객기,2,3,1
1875,응답,2,6,6
1876,취급,2,3,4
1877,구두,2,2,5
1878,추모식,2,1,5
1879,동기,2,2,2
1880,고독,2,1,1
1881,시청,2,1,17
1882,무근,2,1,3
1883,지옥,2,2,6
1884,소리,2,4,15
1885,선배,2,1,7
1886,천명,2,1,4
1887,유산,2,1,8
1888,승무원,2,9,19
1889,강북,2,1,5
1890,확보,2,8,15
1891,운항,2,5,11
1892,골프,2,3,3
1893,날개,2,4,4
1894,신경,2,3,1
1895,더니,2,3,6
1896,키즈,2,1,1
1897,무능,2,1,5
1898,먹기,2,2,2
1899,환자,2,4,72
1900,흑역사,2,1,3
1901,고리,2,6,6
1902,미적,2,2,1
1903,남용,2,1,26
1904,몰이,2,4,3
1905,급여,2,5,12
1906,의정,2,1,1
1907,안팎,2,6,7
1908,제품,2,21,11
1909,좌절,2,1,4
1910,소설,2,1,5
1911,매년,2,7,4
1912,일로,2,1,3
1913,시선,2,2,3
1914,미수,2,3,8
1915,의뢰,2,7,7
1916,일일,2,1,1
1917,모습,2,1,14
1918,감기,2,1,2
1919,강경,2,1,1
1920,보류,2,2,5
1921,자가,2,4,1
1922,개관,2,6,6
1923,텀블러,2,1,1
1924,뇌물,2,4,66
1925,규칙,2,1,7
1926,월드컵,2,4,10
1927,환원,2,2,1
1928,차이,2,8,8
1929,선도,2,3,2
1930,공표,2,3,4
1931,이메일,2,1,7
1932,일주일,2,1,8
1933,파병,2,1,1
1934,인자,2,2,2
1935,상대,2,5,8
1936,징크스,2,1,1
1937,주한,2,1,1
1938,연습,2,1,3
1939,오버,2,2,3
1940,불쑥,2,1,3
1941,연수,2,2,11
1942,결별,2,2,2
1943,미니,2,7,4
1944,자존심,2,1,1
1945,제로,2,3,5
1946,이기,2,1,2
1947,점거,2,1,12
1948,그림자,2,2,9
1949,그날,2,2,8
1950,수익,2,16,7
1951,북적,2,1,5
1952,처럼,2,1,5
1953,자진,2,2,9
1954,일베,2,1,11
1955,현수막,2,1,2
1956,시급,2,5,15
1957,세상,2,9,34
1958,농민,2,1,22
1959,달리,2,3,3
1960,달성,2,6,2
1961,침대,2,11,14
1962,거제,2,4,4
1963,사비,2,1,6
1964,고조,2,4,3
1965,집행,2,2,14
1966,높이,2,3,7
1967,본부장,2,5,7
1968,벤츠,2,8,3
1969,위임,2,1,2
1970,불가능,2,2,3
1971,다행,2,1,4
1972,매듭,2,3,1
1973,플러스,2,2,1
1974,물류,2,2,11
1975,절실,2,3,7
1976,육박,2,8,7
1977,납품,2,20,5
1978,반전,2,4,2
1979,폭언,2,2,8
1980,졸속,2,2,3
1981,비정규직,2,12,39
1982,프리랜서,2,2,1
1983,진통,2,3,3
1984,도청,2,1,5
1985,배달,2,5,12
1986,난항,2,2,6
1987,조양호,2,30,28
1988,조장,2,1,7
1989,작품,2,1,15
1990,누리집,2,1,4
1991,둘째,2,1,1
1992,고공,2,6,9
1993,형님,2,1,2
1994,미국인,2,2,1
1995,가담,2,1,5
1996,생존,2,8,7
1997,석유,2,3,1
1998,라면,2,4,3
1999,무기한,2,1,6
2000,필수,2,6,6
2001,표준,2,6,5
2002,무난,2,2,1
2003,소수,2,3,1
2004,훈풍,2,3,5
2005,투명,2,7,1
2006,프레,2,1,5
2007,전남,2,1,63
2008,관광객,2,2,17
2009,납득,2,1,1
2010,제보,2,4,11
2011,교통사고,2,9,23
2012,당장,2,3,3
2013,개통,2,3,9
2014,마당,2,2,33
2015,통한,2,3,5
2016,무기,2,4,5
2017,세종시,2,1,17
2018,노후,2,9,13
2019,신분증,2,1,3
2020,후배,2,1,23
2021,비방,2,1,7
2022,사장,2,58,94
2023,하나은행,2,10,5
2024,예측,2,2,6
2025,배상,2,6,44
2026,암호,2,9,7
2027,논리,2,2,9
2028,묘수,2,1,1
2029,해당,2,1,4
2030,비공식,2,2,1
2031,추월,2,1,3
2032,절충,2,1,2
2033,비중,2,15,5
2034,살로,2,1,1
2035,무게,2,2,10
2036,건가,2,1,6
2037,달말,2,2,1
2038,엄단,2,1,2
2039,수리,2,5,6
2040,말로,2,3,2
2041,경의,2,1,3
2042,구속영장,2,1,133
2043,조절,2,7,4
2044,의식,2,3,20
2045,인기,2,12,13
2046,송구,2,2,6
2047,상습,2,6,21
2048,졸업식,2,1,3
2049,러시,2,2,4
2050,한자리,2,2,3
2051,경쟁력,2,7,4
2052,지엠,2,26,19
2053,이건희,2,19,6
2054,바퀴,2,1,3
2055,겨울,2,5,25
2056,수출,2,79,2
2057,집행유예,2,2,27
2058,인천공항,2,20,22
2059,상무,2,5,4
2060,해킹,2,7,6
2061,가즈,2,1,5
2062,수업,2,1,29
2063,주차,2,7,12
2064,입원,2,1,11
2065,통행료,2,3,6
2066,정현,2,4,4
2067,낭비,2,2,2
2068,도둑,2,1,2
2069,순환,2,9,2
2070,치사,2,1,9
2071,이혼,2,3,6
2072,초등생,2,2,21
2073,원전,2,36,6
2074,편의,1,3,5
2075,한마디,1,1,4
2076,수험생,1,3,7
2077,일해,1,1,3
2078,고가,1,10,4
2079,산다,1,4,11
2080,고시원,1,1,13
2081,연료,1,4,6
2082,식물,1,1,5
2083,치기,1,1,2
2084,대우,1,6,3
2085,착륙,1,3,2
2086,물건,1,1,2
2087,번지,1,2,12
2088,눈치,1,4,4
2089,휴대폰,1,3,7
2090,제외,1,13,10
2091,상공,1,1,2
2092,행정부,1,2,1
2093,눈높이,1,1,1
2094,뻥튀기,1,3,4
2095,일리,1,1,1
2096,분수령,1,1,2
2097,방패,1,1,3
2098,오픈,1,7,3
2099,업계,1,45,4
2100,헌법소원,1,1,9
2101,저출산,1,5,11
2102,보건,1,1,10
2103,이정우,1,3,2
2104,열공,1,1,1
2105,줄다리기,1,1,1
2106,대로,1,3,6
2107,맞춤,1,8,8
2108,수요,1,9,1
2109,조업,1,1,4
2110,호주,1,4,1
2111,한도,1,5,2
2112,실효,1,7,3
2113,지상,1,3,2
2114,예산안,1,3,1
2115,재생에너지,1,8,1
2116,학습,1,2,7
2117,익산,1,1,7
2118,감서,1,1,5
2119,축구,1,2,16
2120,교실,1,1,28
2121,상주,1,1,4
2122,여섯,1,1,1
2123,보육,1,1,18
2124,원안,1,1,1
2125,노동부,1,1,12
2126,화면,1,8,7
2127,구경,1,1,5
2128,얼마나,1,6,12
2129,생가,1,1,8
2130,우산,1,1,8
2131,화학,1,16,4
2132,결합,1,1,2
2133,백화점,1,18,6
2134,덕분,1,4,2
2135,세탁,1,2,3
2136,구글,1,20,4
2137,주거지,1,1,1
2138,콜라,1,1,1
2139,발령,1,1,15
2140,덴마크,1,1,1
2141,열흘,1,2,4
2142,돼지,1,3,16
2143,공론,1,2,29
2144,전혀,1,1,3
2145,가로,1,1,10
2146,호박,1,1,2
2147,경유,1,4,4
2148,학회,1,2,4
2149,해외여행,1,4,3
2150,정규직,1,9,38
2151,내야,1,1,3
2152,저항,1,2,4
2153,보험금,1,6,4
2154,안내,1,1,7
2155,관용,1,1,2
2156,만화,1,1,4
2157,펑펑,1,1,4
2158,우정,1,1,2
2159,농협,1,9,4
2160,대출,1,122,6
2161,수순,1,1,3
2162,피하,1,2,8
2163,려고,1,1,1
2164,뒷짐,1,1,2
2165,전이,1,1,2
2166,전직,1,1,36
2167,차명계좌,1,9,1
2168,효성,1,14,5
2169,성인,1,1,7
2170,현대차,1,100,20
2171,사각,1,2,5
2172,먹통,1,5,1
2173,치료,1,6,20
2174,처방,1,6,6
2175,성비,1,1,2
2176,무풍지대,1,1,1
2177,무려,1,1,3
2178,특채,1,1,1
2179,포상,1,1,2
2180,급식,1,1,11
2181,포탈,1,2,2
2182,가계,1,28,1
2183,유전자,1,2,2
2184,골목,1,3,9
2185,균형발전,1,5,8
2186,집주인,1,11,3
2187,굉음,1,1,1
2188,소유자,1,2,1
2189,화살,1,1,1
2190,고지,1,1,1
2191,신용,1,13,1
2192,집무실,1,2,2
2193,법인,1,26,10
2194,카이,1,1,1
2195,시아,1,1,1
2196,고의,1,10,12
2197,낙찰,1,1,2
2198,임용,1,1,3
2199,담배,1,4,13
2200,소비,1,21,1
2201,재편,1,2,1
2202,글로벌,1,14,8
2203,얼마,1,2,2
2204,손경,1,5,2
2205,계절,1,2,3
2206,손가락,1,1,5
2207,호선,1,1,38
2208,시안,1,1,2
2209,저주,1,1,2
2210,홍삼,1,5,1
2211,한라,1,1,2
2212,오르다,1,1,1
2213,부근,1,2,5
2214,화상,1,4,4
2215,추억,1,2,8
2216,공간,1,9,17
2217,스틸,1,1,1
2218,실형,1,1,33
2219,자원,1,21,1
2220,청사,1,1,16
2221,맛집,1,3,3
2222,도심,1,4,32
2223,최태원,1,15,1
2224,숙박,1,2,3
2225,시내,1,1,6
2226,상시,1,1,3
2227,방탄,1,1,5
2228,어서,1,3,2
2229,기흥,1,1,2
2230,지능,1,40,3
2231,발족,1,7,6
2232,과천,1,5,2
2233,불합격,1,1,1
2234,비슷,1,2,2
2235,꿈틀,1,3,1
2236,동작,1,1,4
2237,메르스,1,2,51
2238,고립,1,1,1
2239,장서,1,2,7
2240,올가을,1,1,3
2241,메이커,1,1,1
2242,도구,1,3,3
2243,스피커,1,15,1
2244,전반,1,2,1
2245,보이스피싱,1,3,13
2246,골든,1,1,1
2247,조회,1,4,3
2248,임원,1,24,13
2249,유도,1,2,3
2250,도서관,1,1,14
2251,제대,1,1,1
2252,공공,1,8,17
2253,분실,1,1,4
2254,국산,1,8,3
2255,변질,1,1,1
2256,에너지,1,32,8
2257,링크,1,3,4
2258,고갈,1,1,3
2259,불꽃,1,1,5
2260,자립,1,3,3
2261,비결,1,4,6
2262,가명,1,5,1
2263,충분,1,3,1
2264,데이터,1,18,2
2265,양극화,1,10,3
2266,갈이,1,1,1
2267,안심,1,1,7
2268,물가,1,27,2
2269,중기,1,20,1
2270,시점,1,2,4
2271,사가,1,4,3
2272,주권,1,8,4
2273,창립,1,11,1
2274,증언,1,1,13
2275,일감,1,13,3
2276,증세,1,15,6
2277,격차,1,21,7
2278,디자인,1,7,2
2279,악순환,1,1,2
2280,언니,1,1,3
2281,무책임,1,1,1
2282,엄마,1,5,64
2283,주주,1,33,10
2284,곤혹,1,1,2
2285,다짐,1,2,7
2286,사내,1,4,5
2287,근처,1,1,4
2288,부동,1,3,3
2289,북상,1,1,15
2290,차로,1,3,11
2291,근로장려금,1,10,3
2292,기분,1,1,1
2293,필기,1,1,2
2294,삭감,1,1,4
2295,못내,1,3,2
2296,완공,1,3,5
2297,운동장,1,1,5
2298,와인,1,2,2
2299,지위,1,4,6
2300,희망고문,1,1,1
2301,대륙,1,3,1
2302,해양,1,2,9
2303,대국,1,1,1
2304,근접,1,2,6
2305,사서,1,2,3
2306,아시아,1,8,8
2307,경상,1,1,9
2308,알바,1,9,15
2309,쌍둥이,1,1,21
2310,비도,1,2,3
2311,면세점,1,9,4
2312,연간,1,9,1
2313,돌파구,1,4,3
2314,질주,1,1,10
2315,경비원,1,1,15
2316,경신,1,6,5
2317,유입,1,3,6
2318,자동차,1,50,6
2319,경감,1,1,1
2320,사례,1,3,14
2321,브랜드,1,15,2
2322,냉방,1,1,2
2323,할인,1,29,10
2324,패키지,1,2,3
2325,봉쇄,1,1,2
2326,프로그램,1,3,6
2327,조력자,1,1,1
2328,수혜자,1,3,1
2329,감축,1,4,17
2330,스포츠,1,3,8
2331,총동원,1,1,3
2332,자도,1,9,3
2333,입사,1,5,2
2334,작업,1,7,33
2335,팔고,1,2,4
2336,향수,1,1,1
2337,재미,1,4,3
2338,화장,1,1,6
2339,점화,1,3,9
2340,더위,1,1,48
2341,풍기,1,1,1
2342,수영장,1,1,5
2343,만원,1,4,9
2344,성지,1,1,4
2345,안종범,1,2,11
2346,맥주,1,11,1
2347,가입자,1,12,5
2348,축산,1,2,1
2349,장려,1,5,3
2350,고개,1,4,4
2351,제각각,1,3,3
2352,불공정,1,12,3
2353,번호,1,4,6
2354,유실,1,1,1
2355,식품,1,8,8
2356,조립,1,1,2
2357,항목,1,1,2
2358,밀당,1,1,1
2359,매뉴얼,1,2,2
2360,패닉,1,4,1
2361,출연,1,3,4
2362,유사,1,2,4
2363,우승,1,3,1
2364,불통,1,1,3
2365,과학자,1,1,2
2366,좇다,1,1,1
2367,오염,1,1,13
2368,짜증,1,1,2
2369,보름,1,1,3
2370,장애,1,10,33
2371,중고,1,4,3
2372,박스,1,3,1
2373,고장,1,2,9
2374,제정,1,1,12
2375,급락,1,12,1
2376,운반,1,2,1
2377,불량,1,3,4
2378,관세,1,46,4
2379,나비효과,1,2,1
2380,프랜차이즈,1,4,4
2381,본사,1,15,29
2382,원조,1,2,4
2383,클릭,1,8,4
2384,영광,1,1,4
2385,배정,1,4,2
2386,품목,1,6,3
2387,재발,1,1,7
2388,해지,1,6,4
2389,요인,1,4,1
2390,감정,1,5,10
2391,혜화역,1,1,11
2392,기존,1,11,1
2393,시인,1,2,20
2394,성적표,1,1,2
2395,화장품,1,9,2
2396,주인공,1,6,6
2397,강도,1,3,22
2398,뒷전,1,2,4
2399,맞벌이,1,3,4
2400,육아휴직,1,1,10
2401,아산,1,3,4
2402,공부,1,5,18
2403,개보,1,1,1
2404,해결사,1,1,3
2405,마감,1,2,3
2406,리스트,1,1,4
2407,용돈,1,1,2
2408,행복,1,8,14
2409,가이드라인,1,3,2
2410,악화,1,10,13
2411,요금,1,25,12
2412,원가,1,5,4
2413,개편안,1,9,7
2414,시험대,1,2,3
2415,전무,1,8,10
2416,구조조정,1,17,5
2417,신축,1,1,6
2418,불신,1,1,5
2419,평택,1,4,16
2420,시한,1,3,1
2421,상금,1,3,2
2422,에코,1,2,3
2423,단위,1,2,1
2424,흡수,1,4,1
2425,사인,1,2,6
2426,과실,1,4,4
2427,상생,1,28,4
2428,등급,1,6,2
2429,총재,1,11,2
2430,그냥,1,2,3
2431,점점,1,2,6
2432,자의,1,2,2
2433,향년,1,1,3
2434,시베리아,1,1,2
2435,작일,1,2,2
2436,멕시코,1,3,2
2437,메모,1,1,5
2438,인문학,1,1,6
2439,내내,1,1,5
2440,비율,1,12,9
2441,껑충,1,7,2
2442,나무,1,4,14
2443,현황,1,1,2
2444,와중,1,1,2
2445,짬짜미,1,9,1
2446,관장,1,1,1
2447,금물,1,2,1
2448,집단소송,1,9,4
2449,바닥,1,1,5
2450,제조,1,1,8
2451,약진,1,1,1
2452,흐름,1,2,1
2453,구형,1,1,54
2454,언론사,1,7,10
2455,당분간,1,1,2
2456,철통,1,1,1
2457,보안,1,10,11
2458,선의,1,1,2
2459,윤곽,1,4,2
2460,서면,1,1,4
2461,공략,1,5,2
2462,셀카,1,1,1
2463,스마트폰,1,67,8
2464,첩보,1,1,1
2465,미디어,1,5,13
2466,침수,1,1,14
2467,기계,1,8,12
2468,손상,1,1,2
2469,대하,1,1,3
2470,매달,1,5,6
2471,전액,1,1,5
2472,시험,1,4,39
2473,나은,1,1,3
2474,워킹맘,1,1,1
2475,민감,1,2,2
2476,무조건,1,2,7
2477,플라스틱,1,1,13
2478,응시,1,2,4
2479,라돈,1,11,25
2480,수거,1,3,13
2481,일터,1,1,8
2482,정혁,1,4,1
2483,게시,1,1,5
2484,보물,1,1,6
2485,지하,1,2,8
2486,증권,1,43,3
2487,벌이,1,1,2
2488,편집국,1,2,5
2489,한판,1,1,1
2490,후끈,1,4,5
2491,악플,1,1,4
2492,스펙,1,1,1
2493,지배,1,11,4
2494,살길,1,3,1
2495,지표,1,9,4
2496,출퇴근,1,3,6
2497,패러다임,1,4,2
2498,산이,1,1,2
2499,뚜렷,1,1,1
2500,음성,1,8,26
2501,아웃,1,4,8
2502,비즈니스,1,5,2
2503,튀김,1,2,1
2504,대진,1,5,3
2505,방사선,1,3,6
2506,원료,1,3,2
2507,대한제국,1,1,1
2508,사관,1,2,14
2509,차질,1,3,8
2510,중학생,1,3,12
2511,구본무,1,6,2
2512,남녀,1,4,10
2513,구별,1,1,1
2514,부문,1,10,4
2515,인권위,1,1,72
2516,사지,1,1,3
2517,정위,1,1,3
2518,유의,1,2,2
2519,뒤통수,1,1,1
2520,실리콘밸리,1,1,1
2521,과학,1,3,4
2522,농업,1,1,8
2523,방관,1,1,1
2524,탈세,1,6,9
2525,무한,1,4,5
2526,수상,1,9,17
2527,코스,1,1,4
2528,소셜,1,4,1
2529,펀드,1,22,3
2530,유급,1,1,3
2531,콸콸,1,1,2
2532,계산,1,1,7
2533,정밀,1,2,2
2534,전말,1,2,3
2535,행진,1,11,12
2536,선처,1,1,5
2537,공론장,1,2,3
2538,자체,1,6,13
2539,케이크,1,1,5
2540,신의주,1,1,1
2541,지형,1,1,2
2542,달걀,1,2,4
2543,통감,1,1,1
2544,한진,1,14,25
2545,이명희,1,6,26
2546,엿새,1,2,1
2547,명분,1,1,5
2548,어린이날,1,1,3
2549,대박,1,3,3
2550,초콜릿,1,1,1
2551,유명,1,2,14
2552,커뮤니티,1,1,3
2553,렌터카,1,4,9
2554,즉시,1,13,4
2555,부서,1,3,5
2556,대담,1,1,1
2557,벌써,1,5,9
2558,건너,1,1,2
2559,양상,1,1,6
2560,환상,1,1,1
2561,셔틀,1,1,4
2562,고무줄,1,1,2
2563,선언문,1,2,4
2564,주역,1,1,1
2565,인명,1,2,19
2566,전송,1,3,2
2567,이건,1,1,3
2568,비혼,1,2,1
2569,주방,1,1,1
2570,신혼부부,1,8,1
2571,포털,1,6,2
2572,위성,1,2,1
2573,창의,1,1,4
2574,남편,1,4,30
2575,디지털,1,14,12
2576,몽골,1,1,2
2577,홍수,1,2,2
2578,이오,1,1,2
2579,자꾸,1,1,3
2580,유발,1,1,8
2581,광풍,1,4,2
2582,제동,1,11,13
2583,당혹,1,1,3
2584,카페,1,2,9
2585,회원,1,3,12
2586,조현민,1,22,15
2587,경영,1,65,18
2588,퇴진,1,4,15
2589,대림,1,8,5
2590,출처,1,1,2
2591,블루,1,1,2
2592,습자,1,2,1
2593,사유,1,2,14
2594,차라리,1,1,3
2595,대타협,1,3,1
2596,대의,1,2,2
2597,참여연대,1,13,9
2598,마트,1,16,8
2599,종이,1,2,5
2600,영업비밀,1,1,5
2601,금융감독원장,1,1,1
2602,국내선,1,4,1
2603,노무,1,4,1
2604,노트북,1,3,2
2605,공모전,1,6,5
2606,아내,1,2,28
2607,도나,1,1,5
2608,데드라인,1,1,1
2609,바보,1,1,2
2610,다섯,1,4,4
2611,톡방,1,1,3
2612,수색,1,1,22
2613,전선,1,1,1
2614,흥남,1,1,1
2615,보루,1,2,2
2616,인건비,1,5,6
2617,독려,1,1,4
2618,퇴근,1,7,8
2619,가점,1,2,2
2620,판도,1,1,1
2621,자격증,1,1,2
2622,무상,1,11,19
2623,연회,1,1,1
2624,흥행,1,2,4
2625,재활용,1,2,9
2626,재직,1,4,1
2627,김상균,1,1,2
2628,도쿄,1,2,3
2629,소재,1,3,4
2630,코인,1,8,5
2631,금호,1,38,5
2632,타이어,1,39,7
2633,신기록,1,5,2
2634,여러,1,1,2
2635,태양,1,1,3
2636,동향,1,9,6
2637,법제처,1,1,2
2638,블랙,1,1,4
2639,하우스,1,2,5
2640,오류,1,8,1
2641,달러,1,14,1
2642,제작,1,5,12
2643,파트너,1,4,1
2644,나이,1,3,8
2645,녹색,1,1,6
2646,프로젝트,1,5,7
2647,입가,1,1,3
2648,캐나다,1,4,1
2649,항쟁,1,1,8
2650,간접,1,3,3
2651,반란,1,3,3
2652,주로,1,1,1
2653,포스코건설,1,5,5
2654,사옥,1,3,4
2655,아이돌,1,1,7
2656,만장일치,1,2,2
2657,필리핀,1,3,5
2658,외면,1,5,10
2659,카카오,1,61,2
2660,유료,1,7,1
2661,지체,1,1,2
2662,합격자,1,3,2
2663,총괄,1,7,6
2664,봄맞이,1,3,2
2665,선정,1,26,18
2666,상속,1,2,1
2667,난제,1,2,1
2668,벌집,1,2,2
2669,이사회,1,10,12
2670,자신감,1,1,2
2671,숫자,1,1,2
2672,가습기,1,5,10
2673,권유,1,1,3
2674,해수부,1,2,5
2675,독점,1,2,5
2676,초래,1,1,1
2677,개항,1,2,4
2678,앵커,1,1,6
2679,도주,1,2,10
2680,구심,1,1,1
2681,소수자,1,1,3
2682,우대,1,3,1
2683,가게,1,2,4
2684,보기,1,3,11
2685,관건,1,4,2
2686,고급,1,3,1
2687,정안,1,1,11
2688,잡기,1,1,1
2689,저격수,1,1,1
2690,편파,1,1,8
2691,억대,1,3,13
2692,정성,1,1,6
2693,대리,1,3,7
2694,발전소,1,11,7
2695,고심,1,4,6
2696,통장,1,2,4
2697,신도시,1,4,6
2698,주변,1,2,16
2699,지붕,1,3,7
2700,국가대표,1,4,2
2701,본선,1,1,2
2702,다산,1,1,6
2703,수면,1,2,2
2704,통로,1,1,4
2705,박탈,1,3,6
2706,허물,1,1,5
2707,명문,1,2,2
2708,성매매,1,1,21
2709,대표팀,1,1,3
2710,제천,1,1,37
2711,가드,1,12,1
2712,웹툰,1,4,7
2713,별개,1,2,1
2714,트랙,1,2,5
2715,자매,1,1,7
2716,수렴,1,2,4
2717,의회,1,1,63
2718,유주,1,1,6
2719,현상,1,6,2
2720,명절,1,2,10
2721,기금,1,14,17
2722,불법행위,1,2,2
2723,열전,1,1,1
2724,디딤돌,1,5,1
2725,고등,1,1,2
2726,모색,1,1,3
2727,유류,1,14,1
2728,법도,1,1,4
2729,색깔,1,1,2
2730,곧바로,1,1,2
2731,당황,1,1,2
2732,파장,1,2,4
2733,커넥션,1,2,3
2734,재량,1,1,3
2735,대기,1,1,13
2736,인지,1,1,2
2737,느낌,1,1,1
2738,정경,1,1,3
2739,중형,1,1,13
2740,생기,1,1,2
2741,이득,1,1,1
2742,보급,1,5,4
2743,자율,1,32,5
2744,행차,1,7,1
2745,낙마,1,2,2
2746,수년,1,1,4
2747,한화,1,29,7
2748,이벤트,1,2,2
2749,국민은행,1,6,5
2750,무마,1,1,13
2751,스키,1,2,2
2752,출생,1,7,1
2753,침체,1,3,1
2754,위축,1,2,1
2755,사항,1,1,1
2756,부과,1,19,5
2757,수술,1,1,17
2758,안방,1,2,4
2759,역습,1,1,3
2760,합격,1,3,9
2761,질식사,1,1,3
2762,무더기,1,9,18
2763,취약,1,8,11
2764,화재현장,1,1,1
2765,상태,1,5,8
2766,양호,1,1,5
2767,연맹,1,1,4
2768,여객선,1,2,11
2769,소형,1,3,2
2770,게이트,1,2,3
2771,양성,1,2,10
2772,시티,1,18,13
2773,딱지,1,1,2
2774,테니스,1,1,1
2775,항소,1,1,16
2776,장기,1,12,18
2777,아트,1,1,4
2778,중고생,1,1,5
2779,만들기,1,2,11
2780,자전거,1,4,31
2781,마스크,1,1,21
2782,서비스업,1,7,2
2783,이상은,1,2,8
2784,신발,1,1,1
2785,대표자,1,1,5
2786,기시감,1,1,1
2787,둔갑,1,2,5
2788,친환경,1,9,12
2789,마이너스,1,5,2
2790,철호,1,1,3
2791,공정위,1,59,23
2792,편의점,1,23,12
2793,티켓,1,2,2
2794,저축,1,4,2
2795,탱크,1,1,6
2796,처남,1,1,3
2797,은닉,1,1,2
2798,엘리베이터,1,3,2
2799,박능후,1,1,3
2800,처분,1,4,24
2801,화두,1,2,4
2802,경청,1,1,2
2803,상반기,1,25,3
2804,금고,1,4,2
2805,비트코인,1,13,5
2806,청렴,1,1,2
2807,수급,1,10,6
2808,공고,1,3,2
2809,수호,1,3,6
2810,코드,1,6,4
2811,비교,1,9,35
2812,무성,1,1,1
2813,독자,1,4,13
2814,산불,1,1,26
2815,단절,1,2,1
2816,문단,1,1,3
2817,북새통,1,1,1
2818,막바지,1,1,1
2819,추징,1,3,6
2820,절박,1,1,2
2821,처가,1,2,2
2822,페어,1,1,1
2823,다소,1,1,1
2824,무용지물,1,4,3
2825,덩어리,1,1,1
2826,분당,1,2,3
2827,살이,1,3,9
2828,건립,1,1,15
2829,현충원,1,1,2
2830,필요성,1,1,3
2831,억제,1,2,3
2832,지평,1,1,1
